mean_fit_time,std_fit_time,mean_score_time,std_score_time,param_svm__C,param_svm__gamma,param_svm__kernel,params,split0_test_score,split1_test_score,split2_test_score,split3_test_score,split4_test_score,mean_test_score,std_test_score,rank_test_score
0.009983158111572266,0.00096642758088179,0.006113719940185547,0.0011853197649294306,0.1,scale,rbf,"{'svm__C': 0.1, 'svm__gamma': 'scale', 'svm__kernel': 'rbf'}",0.8612153038259565,0.7925925925925925,0.7401764234161989,0.83125,0.83125,0.8112968639669494,0.041703891292881934,5
0.010759782791137696,0.0008968013156013564,0.005397367477416992,0.0011434624690017997,0.1,0.1,rbf,"{'svm__C': 0.1, 'svm__gamma': 0.1, 'svm__kernel': 'rbf'}",0.8612153038259565,0.7925925925925925,0.7401764234161989,0.83125,0.83125,0.8112968639669494,0.041703891292881934,5
0.00883016586303711,0.0006091293301376801,0.00494227409362793,0.00028368042447153726,0.1,0.01,rbf,"{'svm__C': 0.1, 'svm__gamma': 0.01, 'svm__kernel': 'rbf'}",0.6677551020408163,0.6486246672582077,0.712511091393079,0.46375372393247266,0.46375372393247266,0.5912796617114097,0.10616942289585556,9
0.009090709686279296,0.00029494235798244265,0.004756784439086914,0.000436424322708301,1.0,scale,rbf,"{'svm__C': 1, 'svm__gamma': 'scale', 'svm__kernel': 'rbf'}",0.8612153038259565,0.855653568564555,0.7450826121164438,0.8054054054054054,0.83125,0.8197213779824721,0.04224137727012664,3
0.008714628219604493,0.0008323686069337285,0.00462808609008789,0.000563413372590719,1.0,0.1,rbf,"{'svm__C': 1, 'svm__gamma': 0.1, 'svm__kernel': 'rbf'}",0.8612153038259565,0.855653568564555,0.7450826121164438,0.8054054054054054,0.83125,0.8197213779824721,0.04224137727012664,3
0.007570075988769531,0.00057088997746924,0.003996515274047851,0.0002948808793029546,1.0,0.01,rbf,"{'svm__C': 1, 'svm__gamma': 0.01, 'svm__kernel': 'rbf'}",0.917960088691796,0.8246753246753247,0.7450826121164438,0.8328173374613003,0.8601398601398602,0.836135044616945,0.056043638055197346,1
0.010267543792724609,0.0002515342178931758,0.006335735321044922,0.001213669209030059,10.0,scale,rbf,"{'svm__C': 10, 'svm__gamma': 'scale', 'svm__kernel': 'rbf'}",0.8911764705882352,0.8285714285714285,0.7222222222222222,0.7142857142857142,0.775,0.78625116713352,0.06664179587188085,7
0.01692676544189453,0.0022076379989556263,0.008301448822021485,0.002024724823528645,10.0,0.1,rbf,"{'svm__C': 10, 'svm__gamma': 0.1, 'svm__kernel': 'rbf'}",0.8911764705882352,0.8285714285714285,0.7222222222222222,0.7142857142857142,0.7482517482517483,0.7809015167838697,0.06838116416721136,8
0.01241927146911621,0.0009220242376233188,0.006980133056640625,0.0014225387079027593,10.0,0.01,rbf,"{'svm__C': 10, 'svm__gamma': 0.01, 'svm__kernel': 'rbf'}",0.917960088691796,0.8246753246753247,0.7714285714285714,0.7770897832817337,0.83125,0.8244807536154852,0.052620689362243823,2
